Name,Email,Date,Salary
GiveMe
John Doe,johndoe@example.com,2023-01-01,50000
Jane Smith,janesmith@example.com,2023-01-02,45000
Mark Johnson,markjohnson@example.com,2023-01-03,55000
Sara Williams,sarawilliams@example.com,2023-01-04,48000
Michael Brown,michaelbrown@example.com,2023-01-05,60000
Emily Davis,emilydavis@example.com,2023-01-06,40000
Robert Wilson,robertwilson@example.com,2023-01-07,58000
Olivia Taylor,oliviataylor@example.com,2023-01-08,52000
David Anderson,davidanderson@example.com,2023-01-09,43000
Sophia Thompson,sophiathompson@example.com,2023-01-10,56000
Daniel Clark,danielclark@example.com,2023-01-11,51000
Elizabeth Miller,elizabethmiller@example.com,2023-01-12,42000
Matthew Lee,matthewlee@example.com,2023-01-13,59000
Victoria Martinez,victoriamartinez@example.com,2023-01-14,47000
William Turner,williamturner@example.com,2023-01-15,54000
Ava Rodriguez,avarodriguez@example.com,2023-01-16,38000
James Scott,jamesscott@example.com,2023-01-17,57000
Daniel Moore,danielmoore@example.com,2023-01-18,52000
Emma Harris,emmaharris@example.com,2023-01-19,41000
Christopher Walker,christopherwalker@example.com,2023-01-20,60000
Sophie Turner,sophieturner@example.com,2023-01-21,43000
Andrew Green,andrewgreen@example.com,2023-01-22,58000
Lily Hill,lilyhill@example.com,2023-01-23,51000
William Cox,williamcox@example.com,2023-01-24,42000
Grace Adams,graceadams@example.com,2023-01-25,59000
Michael Murphy,michaelmurphy@example.com,2023-01-26,47000
Rachel Mitchell,rachelmitchell@example.com,2023-01-27,54000
Patrick Stewart,patrickstewart@example.com,2023-01-28,38000
Laura Adams,lauraadams@example.com,2023-01-29,57000
Jonathan Turner,jonathanturner@example.com,2023-01-30,52000
Michelle Collins,michellecollins@example.com,2023-01-31,41000
Stephen Bell,stephenbell@example.com,2023-02-01,60000
Rebecca Carter,rebeccacarter@example.com,2023-02-02,45000
Christopher White,christopherwhite@example.com,2023-02-03,48000
Amy Hill,amyhill@example.com,2023-02-04,55000
Daniel Nelson,danielnelson@example.com,2023-02-05,40000
Katherine Gray,katherinegray@example.com,2023-02-06,59000
Samuel Martinez,samuelmartinez@example.com,2023-02-07,48000
Jessica Thompson,jessicathompson@example.com,2023-02-08,52000
Thomas Cooper,thomascooper@example.com,2023-02-09,43000
Emma Robinson,emmarobinson@example.com,2023-02-10,57000
Kevin Reed,kevinreed@example.com,2023-02-11,42000
Sophie Turner,sophieturner@example.com,2023-02-12,45000
Brandon Wood,brandonwood@example.com,2023-02-13,55000
Sarah Foster,sarahfoster@example.com,2023-02-14,40000
Matthew Allen,matthewallen@example.com,2023-02-15,59000
Sophia Carter,sophiacarter@example.com,2023-02-16,48000
James Green,jamesgreen@example.com,2023-02-17,52000
Emily Wilson,emilywilson@example.com,2023-02-18,43000
Jacob Adams,jacobadams@example.com,2023-02-19,57000
Emma Thompson,emmathompson@example.com,2023-02-20,42000
Christopher Murphy,christophermurphy@example.com,2023-02-21,45000
Olivia Stewart,oliviastewart@example.com,2023-02-22,55000
Michael Brooks,michaelbrooks@example.com,2023-02-23,40000
Oliver Clark,oliverclark@example.com,2023-02-24,59000
Natalie Miller,nataliemiller@example.com,2023-02-25,48000
Ethan Johnson,ethanjohnson@example.com,2023-02-26,52000
Isabella Foster,isabellafoster@example.com
Liam Turner,liamturner@example.com,2023-02-27,43000
Mia Davis,miadavis@example.com,2023-02-28,57000
Noah Moore,noahmoore@example.com,2023-03-01,42000
Ava Harris,avaharris@example.com,2023-03-02,55000
James Thompson,jamesthompson@example.com,2023-03-03,40000
Isabella Wilson,isabellawilson@example.com,2023-03-04,59000
Oliver Clark,oliverclark@example.com,2023-03-05,48000
Sophia Mitchell,sophiamitchell@example.com,2023-03-06,52000
William Turner,williamturner@example.com,2023-03-07,43000
Emma Anderson,emmaanderson@example.com,2023-03-08,57000
Liam Foster,liamfoster@example.com,2023-03-09,42000
Olivia Gray,oliviagray@example.com,2023-03-10,55000
Noah Murphy,noahmurphy@example.com,2023-03-11,40000
Ava Green,avagreen@example.com,2023-03-12,59000
James Hill,jameshill@example.com,2023-03-13,48000
Isabella Adams,isabellaadams@example.com,2023-03-14,52000
Oliver Martinez,olivermartinez@example.com,2023-03-15,43000
NoReward
Sophia Turner,sophiaturner@example.com,2023-03-16,57000
William Cooper,williamcooper@example.com,2023-03-17,42000
Emma Bennett,emmabennett@example.com,2023-03-18,55000
Liam Collins,liamcollins@example.com,2023-03-19,40000
Olivia Reed,oliviareed@example.com,2023-03-20,59000
Noah White,noahwhite@example.com,2023-03-21,48000
Ava Hill,avahill@example.com,2023-03-22,52000
James Carter,jamescarter@example.com,2023-03-23,43000
Isabella Robinson,isabellarobinson@example.com,2023-03-24,57000
Oliver Brooks,oliverbrooks@example.com,2023-03-25,42000
Sophia Turner,sophiaturner@example.com,2023-03-26,55000
William Green,williamgreen@example.com,2023-03-27,40000
Emma Wilson,emmawilson@example.com,2023-03-28,59000
Liam Thompson,liamthompson@example.com,2023-03-29,48000
Olivia Clark,oliviaclark@example.com,2023-03-30,52000
Noah Murphy,noahmurphy@example.com,2023-03-31,43000
Ava Davis,avadavis@example.com,2023-04-01,57000
James Foster,jamesfoster@example.com,2023-04-02,42000
Isabella Gray,isabellagray@example.com,2023-04-03,55000